scenario,setting,case,repeats,goodput_ktok_s_r1,goodput_ktok_s_r2,goodput_ktok_s_r3,goodput_ktok_s_mean,goodput_ktok_s_sample_stdev,goodput_ktok_s_min,goodput_ktok_s_max,passing_pct_r1,passing_pct_r2,passing_pct_r3,passing_pct_mean,passing_pct_sample_stdev,passing_pct_min,passing_pct_max,ttft_s.mean_r1,ttft_s.mean_r2,ttft_s.mean_r3,ttft_s.mean_mean,ttft_s.mean_sample_stdev,ttft_s.mean_min,ttft_s.mean_max,ttft_s.p95_r1,ttft_s.p95_r2,ttft_s.p95_r3,ttft_s.p95_mean,ttft_s.p95_sample_stdev,ttft_s.p95_min,ttft_s.p95_max,tpot_ms.mean_r1,tpot_ms.mean_r2,tpot_ms.mean_r3,tpot_ms.mean_mean,tpot_ms.mean_sample_stdev,tpot_ms.mean_min,tpot_ms.mean_max,tpot_ms.p95_r1,tpot_ms.p95_r2,tpot_ms.p95_r3,tpot_ms.p95_mean,tpot_ms.p95_sample_stdev,tpot_ms.p95_min,tpot_ms.p95_max
po127,po,smetric_default,3,127.91487333333333,130.140165,131.71288666666666,129.92264166666666,1.908327440575325,127.91487333333333,131.71288666666666,65.80604534005037,68.04770872567482,67.60828625235405,67.15401343935974,1.1878705843153252,65.80604534005037,68.04770872567482,5.726029350792975,5.0886013606693,4.819113274999968,5.2112479954874145,0.4657315105370286,4.819113274999968,5.726029350792975,15.795848251320402,16.31117502450941,15.60796835795043,15.904997211260081,0.36408793658288563,15.60796835795043,16.31117502450941,,,,,,,,,,,,,,
po127,po,smetric_initial,3,132.11660166666667,130.37973,134.04217666666668,132.17950277777777,1.8320333809400777,130.37973,134.04217666666668,67.70186335403727,67.28739913097455,67.32429099876695,67.43785116125959,0.2293841339952748,67.28739913097455,67.70186335403727,4.5881233767322875,4.626992682606667,4.632776420967684,4.615964160102212,0.02428363278723959,4.5881233767322875,4.632776420967684,12.846386534161862,12.389877267181873,13.187562962993978,12.807942254779237,0.40023004545979207,12.389877267181873,13.187562962993978,,,,,,,,,,,,,,
po127,po,smetric_po_tuned,3,135.60427166666668,137.34464666666668,143.34592833333335,138.76494888888888,4.061558295528105,135.60427166666668,143.34592833333335,69.48733786287832,70.81545064377683,72.3030303030303,70.86860626989515,1.4085986368810925,69.48733786287832,72.3030303030303,4.3915375979908315,4.347883853166016,4.05410762183594,4.264509690997596,0.18351617201199785,4.05410762183594,4.3915375979908315,11.303003615140907,12.023487694561481,10.569728607311845,11.298739972338078,0.7268889220009387,10.569728607311845,12.023487694561481,,,,,,,,,,,,,,
po127,po,smetric_pd_tuned,3,125.90005333333333,138.36183333333335,132.12095666666667,132.12761444444445,6.230892667716547,125.90005333333333,138.36183333333335,70.8575112830432,71.5527950310559,67.8146524733876,70.07498626249556,1.9881364392817775,67.8146524733876,71.5527950310559,5.536003585748715,4.533232606748431,4.885263496250586,4.984833229582577,0.5087465065512983,4.533232606748431,5.536003585748715,18.734035413712263,13.36784965787082,15.036232635378799,15.712705902320627,2.7463065109732585,13.36784965787082,18.734035413712263,,,,,,,,,,,,,,
po127,po,smetric_pd_slack025,3,138.75096833333333,132.27280833333333,144.20576,138.40984555555556,5.973785017213946,132.27280833333333,144.20576,71.02342786683107,70.82810539523211,73.54205033763044,71.79786119989787,1.513665923549872,70.82810539523211,73.54205033763044,4.373610790476717,4.85691003736992,4.2908085112244425,4.50710977969036,0.30575189217216264,4.2908085112244425,4.85691003736992,12.084981611557282,12.462544529698762,13.059241604059917,12.535589248438654,0.49122019650015497,12.084981611557282,13.059241604059917,,,,,,,,,,,,,,
po127,po,cache_aware,3,113.08961166666667,96.748785,94.26399166666667,101.36746277777779,10.22742051581452,94.26399166666667,113.08961166666667,61.65016501650165,55.723684210526315,54.81927710843374,57.397708778487235,3.7103943313008756,54.81927710843374,61.65016501650165,7.119440365054033,8.342045564719811,7.900837777194927,7.7874412356562575,0.6191404931735184,7.119440365054033,8.342045564719811,20.177437587082373,25.229524562507834,22.418643696419895,22.60853528200337,2.531390884972617,20.177437587082373,25.229524562507834,,,,,,,,,,,,,,
po127,po,power_of_two,3,78.10017833333333,72.15531166666666,77.53538499999999,75.93029166666666,3.2814026539948498,72.15531166666666,78.10017833333333,52.04765450483991,51.18483412322275,53.05313243457574,52.095207020879464,0.9350564562567197,51.18483412322275,53.05313243457574,11.840602550952406,12.23032578689079,11.91979161033467,11.996906649392622,0.20598809939958504,11.840602550952406,12.23032578689079,38.193355609849064,39.59570242222406,38.222399098426095,38.67048571016641,0.8013927590515528,38.193355609849064,39.59570242222406,,,,,,,,,,,,,,
po127,po,consistent_hash,3,122.30564666666666,125.556785,127.357265,125.07323222222222,2.560288931564137,122.30564666666666,127.357265,64.95176848874598,64.86833654463712,66.21794871794872,65.3460179171106,0.7562656368050099,64.86833654463712,66.21794871794872,6.507142506336188,6.244794701191961,6.317549294496003,6.3564955006747175,0.13544075438280942,6.244794701191961,6.507142506336188,14.800776473432778,15.186135409027282,14.864435135759384,14.950449006073148,0.206577265751575,14.800776473432778,15.186135409027282,,,,,,,,,,,,,,
po127,po,rendezvous_hash,3,123.68005666666667,120.81270500000001,123.04703833333333,122.51326666666667,1.50635671047269,120.81270500000001,123.68005666666667,63.3418043202033,62.49205340114431,64.3312101910828,63.38835597081013,0.9204616866686417,62.49205340114431,64.3312101910828,5.272352261073518,5.234421991759133,5.409333398121937,5.305369216984863,0.09201135556110612,5.234421991759133,5.409333398121937,15.462380446679877,16.12152644395828,17.742103000916536,16.442003297184897,1.173163582440384,15.462380446679877,17.742103000916536,,,,,,,,,,,,,,
po64,po,smetric_default,3,81.44448,81.69101166666667,81.73382000000001,81.62310388888889,0.15616660530356138,81.44448,81.73382000000001,88.06333739342266,88.42874543239951,88.42874543239951,88.30694275274055,0.21096842966733897,88.06333739342266,88.42874543239951,2.494763565829407,2.488819743430607,2.489784862006698,2.4911227237555704,0.00318977455652309,2.488819743430607,2.494763565829407,7.936982307583094,7.922163367271423,7.927759911864996,7.928968528906505,0.007483035103150332,7.922163367271423,7.936982307583094,,,,,,,,,,,,,,
po64,po,smetric_initial,3,81.92458,81.91215666666666,81.70627,81.84766888888889,0.12261247545432166,81.70627,81.92458,88.91595615103532,89.03775883069427,88.55054811205846,88.83475436459601,0.2535524968899049,88.55054811205846,89.03775883069427,2.4667055827001705,2.472007346025302,2.4778242872100003,2.472179071978491,0.00556134110143194,2.4667055827001705,2.4778242872100003,7.883272673934698,7.92515267804265,7.837228011339903,7.881884454439084,0.04397876895415906,7.837228011339903,7.92515267804265,,,,,,,,,,,,,,
po64,po,smetric_po_tuned,3,83.87643333333334,84.05026666666666,84.14418666666666,84.02362888888888,0.1358496973919309,83.87643333333334,84.14418666666666,90.98660170523752,91.10840438489647,91.47381242387333,91.18960617133577,0.2535524968899049,90.98660170523752,91.47381242387333,2.314791640668345,2.3037958559778664,2.2608371003418615,2.293141532329358,0.028511560195224606,2.2608371003418615,2.314791640668345,6.290862038731575,6.470240775495768,6.407368287444115,6.389490367223819,0.09101592071902484,6.290862038731575,6.470240775495768,,,,,,,,,,,,,,
po64,po,smetric_pd_tuned,3,82.208535,81.849175,81.94817666666667,82.00196222222222,0.18561941409727015,81.849175,82.208535,89.14634146341463,88.90243902439025,89.02439024390245,89.02439024390243,0.12195121951219079,88.90243902439025,89.14634146341463,2.487684294513268,2.4905979701794867,2.476603567354926,2.4849619440158937,0.007383713278353467,2.476603567354926,2.4905979701794867,7.856557491049167,7.748735874891272,7.77051996551454,7.791937777151659,0.05701243039213002,7.748735874891272,7.856557491049167,,,,,,,,,,,,,,
po64,po,smetric_pd_slack025,3,83.98400500000001,84.49271833333334,84.59148666666667,84.35607,0.3259801667066709,83.98400500000001,84.59148666666667,91.46341463414635,92.1951219512195,92.4390243902439,92.03252032520327,0.5077234145039304,91.46341463414635,92.4390243902439,2.31130192566027,2.2768037567187736,2.249710715453072,2.2792721326107053,0.030869709317625744,2.249710715453072,2.31130192566027,6.778610169887542,6.593912283144891,6.066064495407044,6.47952898281316,0.3697877622384241,6.066064495407044,6.778610169887542,,,,,,,,,,,,,,
po64,po,cache_aware,3,71.30008000000001,71.15300666666667,72.33734,71.5968088888889,0.6455210192062155,71.15300666666667,72.33734,75.73170731707317,75.60975609756098,76.46341463414635,75.9349593495935,0.46169986551221975,75.60975609756098,76.46341463414635,3.635056737887605,3.642270220734361,3.4951640223947966,3.5908303270055875,0.08292792028085944,3.4951640223947966,3.642270220734361,11.506284375861284,11.47515316829085,10.196968618780371,11.0594687209775,0.7471091672163742,10.196968618780371,11.506284375861284,,,,,,,,,,,,,,
po64,po,power_of_two,3,77.46655833333334,77.94158,76.11636833333333,77.17483555555556,0.9469297974717158,76.11636833333333,77.94158,83.19123020706455,83.3943833943834,81.46341463414635,82.68300941186476,1.0610732164926129,81.46341463414635,83.3943833943834,3.343027486512381,3.1872055091109397,3.487162008159226,3.3391316679275156,0.15001619373307923,3.1872055091109397,3.487162008159226,10.060564000159502,9.527729985117908,10.34984536487609,9.9793797833845,0.4170270760978992,9.527729985117908,10.34984536487609,,,,,,,,,,,,,,
po64,po,consistent_hash,3,78.84077833333333,78.48047333333332,78.95642666666667,78.7592261111111,0.24823570973939094,78.48047333333332,78.95642666666667,84.39024390243902,84.02439024390245,84.51219512195122,84.3089430894309,0.2538617072519652,84.02439024390245,84.51219512195122,2.906857569761029,2.9067391246648095,2.90639086541061,2.906662519945483,0.00024259936096863828,2.90639086541061,2.906857569761029,8.786768019944414,8.957595793530336,8.919700924307104,8.888021579260618,0.08971185949478176,8.786768019944414,8.957595793530336,,,,,,,,,,,,,,
po64,po,rendezvous_hash,3,80.58462,80.66143833333334,80.58462,80.61022611111112,0.044351085428699616,80.58462,80.66143833333334,86.21951219512195,86.46341463414635,86.21951219512195,86.30081300813008,0.14081713882674118,86.21951219512195,86.46341463414635,2.7793016098757706,2.7661204068308196,2.7644146040627144,2.769945540256435,0.008147359683499382,2.7644146040627144,2.7793016098757706,8.870367676950986,8.884143245778976,8.874741229787467,8.876417384172477,0.007039083340567874,8.870367676950986,8.884143245778976,,,,,,,,,,,,,,
pd64,pd,smetric_default,3,0.5677216666666667,0.633335,0.6319766666666667,0.6110111111111111,0.037495910011527835,0.5677216666666667,0.633335,84.87874465049929,85.43417366946778,85.49723756906077,85.27005196300928,0.340345887996042,84.87874465049929,85.49723756906077,1.7847086686359324,1.8939253920767487,1.8792382630658495,1.852624107926177,0.05927316517730316,1.7847086686359324,1.8939253920767487,5.019949298352003,6.555854950845243,5.807389907725156,5.794398052307467,0.7680352430524048,5.019949298352003,6.555854950845243,18.138887189541613,18.750257484784722,17.397109083027097,18.09541791911781,0.677620714262918,17.397109083027097,18.750257484784722,37.89179186236131,39.3531112546736,38.75010440541211,38.66500250748234,0.7343673068433993,37.89179186236131,39.3531112546736
pd64,pd,smetric_initial,3,0.593185,0.5938283333333334,0.6112016666666668,0.5994050000000001,0.010221275741206607,0.593185,0.6112016666666668,86.47887323943662,85.67375886524823,88.73435326842838,86.96232845770442,1.5865390749197372,85.67375886524823,88.73435326842838,1.8077827001908715,1.9196925658653392,1.7323863061613847,1.8199538574058651,0.09424442440821305,1.7323863061613847,1.9196925658653392,5.355898671783505,5.7584392517805085,5.5175146978348515,5.543950873799621,0.20256821859761517,5.355898671783505,5.7584392517805085,17.46708953930942,17.480991337340047,16.651795672374217,17.199958849674562,0.47477412177595335,16.651795672374217,17.480991337340047,33.43179138952425,36.490664402915144,36.39062120084156,35.43769233109365,1.7378812102994958,33.43179138952425,36.490664402915144
pd64,pd,smetric_po_tuned,3,0.6173200000000001,0.62012,0.5647766666666666,0.6007388888888889,0.03117564867601594,0.5647766666666666,0.62012,85.81460674157303,88.17056396148556,85.57422969187675,86.51980013164511,1.4346467153753522,85.57422969187675,88.17056396148556,1.8105197920610479,1.735755118760479,1.7820707420487196,1.7761152176234154,0.037736458456252835,1.735755118760479,1.8105197920610479,6.253215200453994,4.969213361665607,6.041314507834617,5.754581023318072,0.6883511087085132,4.969213361665607,6.253215200453994,18.620278843161195,16.99967920018257,16.800300431935344,17.473419491759703,0.9981997556750519,16.800300431935344,18.620278843161195,41.67280395141614,33.1583529695971,33.12515287581506,35.98543659894276,4.925432581311188,33.12515287581506,41.67280395141614
pd64,pd,smetric_pd_tuned,3,0.5961916666666667,0.54243,0.6634366666666666,0.600686111111111,0.06062840396705647,0.54243,0.6634366666666666,88.44011142061281,85.97997138769671,87.56756756756756,87.32921679195903,1.2472692430121102,85.97997138769671,88.44011142061281,1.6718125051940715,1.7112188082033815,1.8160973604416122,1.7330428912796885,0.07457712662098279,1.6718125051940715,1.8160973604416122,4.783697109855711,5.169886396825316,5.448634919524187,5.134072808735071,0.33391246233197214,4.783697109855711,5.448634919524187,16.426642489231124,17.910362616022017,16.94992265373027,17.095642586327802,0.7525171610855582,16.426642489231124,17.910362616022017,32.709012268995394,41.588651663127294,36.58955859073347,36.962407507618714,4.451545931311016,32.709012268995394,41.588651663127294
pd64,pd,smetric_pd_slack025,3,0.6239733333333334,0.6469883333333334,0.614545,0.6285022222222222,0.016689086115493895,0.614545,0.6469883333333334,87.37864077669903,88.65836791147994,88.8121546961326,88.28305446143719,0.7870105962690028,87.37864077669903,88.8121546961326,1.7693800002429505,1.8693181962640453,1.7107212942824261,1.7831398302631405,0.08018880234284723,1.7107212942824261,1.8693181962640453,5.228805355727673,5.145772820338607,4.785904999077322,5.053494391714533,0.23542867873784648,4.785904999077322,5.228805355727673,17.20579760379314,16.79466623222646,16.14793461951231,16.716132818510637,0.5332861766259108,16.14793461951231,17.20579760379314,36.02444472042747,31.72504368255504,34.40751872285572,34.05233570861274,2.171595853587788,31.72504368255504,36.02444472042747
pd64,pd,cache_aware,3,0.53846,0.5041383333333334,0.48537166666666665,0.5093233333333334,0.026921291811088478,0.48537166666666665,0.53846,81.63265306122449,82.39644970414201,80.1775147928994,81.4022058527553,1.127274355248644,80.1775147928994,82.39644970414201,1.7968000031463855,1.767496733913819,1.8821979573589784,1.815498231473061,0.0595928726600041,1.767496733913819,1.8821979573589784,5.072425009310245,5.2927008848637325,5.292044776305555,5.219056890159844,0.1269873575625869,5.072425009310245,5.2927008848637325,19.87371230325445,19.064271632478913,20.230727481326053,19.72290380568647,0.5976723299864719,19.064271632478913,20.230727481326053,43.37981408466377,41.12819204647192,47.152364141997886,43.88679009104453,3.0439170262036956,41.12819204647192,47.152364141997886
pd64,pd,power_of_two,3,0.4039583333333333,0.40375333333333335,0.364905,0.39087222222222223,0.022488507702906925,0.364905,0.4039583333333333,68.01872074882995,66.33165829145729,64.17391304347827,66.17476402792182,1.92719963424412,64.17391304347827,68.01872074882995,2.567573599464712,2.5984593148241526,3.0872796707179235,2.751104195002263,0.29154578492546285,2.567573599464712,3.0872796707179235,8.031276542693375,8.644857039302586,9.318781843408937,8.6649718084683,0.6439882978724147,8.031276542693375,9.318781843408937,24.545851304806263,26.45196418084717,27.72052554421287,26.239447009955438,1.597971148841821,24.545851304806263,27.72052554421287,68.03609486597252,74.11595255832566,74.65561474376766,72.26922072268862,3.675911411840306,68.03609486597252,74.65561474376766
pd64,pd,consistent_hash,3,0.4532483333333333,0.46336,0.4559533333333333,0.45752055555555554,0.0052348438195246,0.4532483333333333,0.46336,78.3987915407855,78.06354009077155,77.2382397572079,77.90019046292166,0.5972708232287225,77.2382397572079,78.3987915407855,1.7847273623325641,1.8292631984603676,1.7772419631968062,1.797077507996579,0.02812377647167064,1.7772419631968062,1.8292631984603676,5.465482227504253,5.7141102375462625,5.8556351063773,5.678409190475939,0.19751136877321693,5.465482227504253,5.8556351063773,21.084000051117556,21.03564789652509,22.249256798332738,21.456301581991795,0.6871447911868114,21.03564789652509,22.249256798332738,53.07766187400999,53.70339851598209,53.4709035318336,53.41732130727522,0.3162908113873954,53.07766187400999,53.70339851598209
pd64,pd,rendezvous_hash,3,0.5194266666666666,0.5188416666666666,0.5164333333333333,0.5182338888888888,0.0015865233945585044,0.5164333333333333,0.5194266666666666,78.96296296296296,79.08689248895435,78.93961708394698,78.99649084528811,0.07915554560437857,78.93961708394698,79.08689248895435,1.8798437798133603,1.9215317130780096,1.8878704114146365,1.8964153014353355,0.022118596340383927,1.8798437798133603,1.9215317130780096,6.16299338005483,6.217272246256473,5.788824233785274,6.056363286698859,0.23327967647109263,5.788824233785274,6.217272246256473,19.452318114030344,19.256288224212685,19.20676641347036,19.30512425057113,0.1298561801179952,19.20676641347036,19.452318114030344,39.731161538818206,41.35250786194567,39.14705430366289,40.076907901475586,1.142655573610722,39.14705430366289,41.35250786194567
