scenario,setting,case,repeat,arm,smetric_config,goodput_ktok_s,passing_pct,offered,served,passing,actual_sessions_by_horizon,ttft_mean_s,ttft_p95_s,tpot_mean_ms,tpot_p95_ms,run_dir
po127,po,smetric_default,1,smetric_default,default.yaml,127.91487333333333,65.80604534005037,1588,1588,1045,127,5.726029350792975,15.795848251320402,,,<WORKSPACE_ROOT>/results/po-colocation-three-repeat-2bb26956-20261001/po127/repeat-01/smetric_default/results/smetric_default/po127-vllm-router-native-smetric-default_20261001_035312
po127,po,smetric_initial,1,smetric_optimized,optimized-initial.yaml,132.11660166666667,67.70186335403727,1610,1610,1090,127,4.5881233767322875,12.846386534161862,,,<WORKSPACE_ROOT>/results/po-colocation-three-repeat-2bb26956-20261001/po127/repeat-01/smetric_initial/results/smetric_optimized/po127-vllm-router-native-smetric-optimized_20261001_041705
po127,po,smetric_po_tuned,1,smetric_optimized,optimized-po.yaml,135.60427166666668,69.48733786287832,1619,1619,1125,127,4.3915375979908315,11.303003615140907,,,<WORKSPACE_ROOT>/results/po-colocation-three-repeat-2bb26956-20261001/po127/repeat-01/smetric_po_tuned/results/smetric_optimized/po127-vllm-router-native-smetric-optimized_20261001_044055
po127,po,smetric_pd_tuned,1,smetric_optimized,optimized-pd.yaml,125.90005333333333,70.8575112830432,1551,1551,1099,127,5.536003585748715,18.734035413712263,,,<WORKSPACE_ROOT>/results/po-colocation-three-repeat-2bb26956-20261001/po127/repeat-01/smetric_pd_tuned/results/smetric_optimized/po127-vllm-router-native-smetric-optimized_20261001_050455
po127,po,smetric_pd_slack025,1,smetric_optimized,optimized-pd-slack025.yaml,138.75096833333333,71.02342786683107,1622,1622,1152,127,4.373610790476717,12.084981611557282,,,<WORKSPACE_ROOT>/results/po-colocation-three-repeat-2bb26956-20261001/po127/repeat-01/smetric_pd_slack025/results/smetric_optimized/po127-vllm-router-native-smetric-optimized_20261001_052844
po127,po,cache_aware,1,cache_aware,,113.08961166666667,61.65016501650165,1515,1515,934,127,7.119440365054033,20.177437587082373,,,<WORKSPACE_ROOT>/results/po-colocation-three-repeat-2bb26956-20261001/po127/repeat-01/cache_aware/results/cache_aware/po127-vllm-router-native-cache-aware_20261001_055237
po127,po,power_of_two,1,power_of_two,,78.10017833333333,52.04765450483991,1343,1343,699,127,11.840602550952406,38.193355609849064,,,<WORKSPACE_ROOT>/results/po-colocation-three-repeat-2bb26956-20261001/po127/repeat-01/power_of_two/results/power_of_two/po127-vllm-router-native-power-of-two_20261001_061631
po127,po,consistent_hash,1,consistent_hash,,122.30564666666666,64.95176848874598,1555,1555,1010,127,6.507142506336188,14.800776473432778,,,<WORKSPACE_ROOT>/results/po-colocation-three-repeat-2bb26956-20261001/po127/repeat-01/consistent_hash/results/consistent_hash/po127-vllm-router-native-consistent-hash_20261001_064025
po127,po,rendezvous_hash,1,rendezvous_hash,,123.68005666666667,63.3418043202033,1574,1574,997,127,5.272352261073518,15.462380446679877,,,<WORKSPACE_ROOT>/results/po-colocation-three-repeat-2bb26956-20261001/po127/repeat-01/rendezvous_hash/results/rendezvous_hash/po127-vllm-router-native-rendezvous-hash_20261001_070416
po127,po,smetric_default,2,smetric_default,default.yaml,130.140165,68.04770872567482,1593,1593,1084,127,5.0886013606693,16.31117502450941,,,<WORKSPACE_ROOT>/results/po-colocation-three-repeat-2bb26956-20261001/po127/repeat-02/smetric_default/results/smetric_default/po127-vllm-router-native-smetric-default_20261001_072814
po127,po,smetric_initial,2,smetric_optimized,optimized-initial.yaml,130.37973,67.28739913097455,1611,1611,1084,127,4.626992682606667,12.389877267181873,,,<WORKSPACE_ROOT>/results/po-colocation-three-repeat-2bb26956-20261001/po127/repeat-02/smetric_initial/results/smetric_optimized/po127-vllm-router-native-smetric-optimized_20261001_075218
po127,po,smetric_po_tuned,2,smetric_optimized,optimized-po.yaml,137.34464666666668,70.81545064377683,1631,1631,1155,127,4.347883853166016,12.023487694561481,,,<WORKSPACE_ROOT>/results/po-colocation-three-repeat-2bb26956-20261001/po127/repeat-02/smetric_po_tuned/results/smetric_optimized/po127-vllm-router-native-smetric-optimized_20261001_081601
po127,po,smetric_pd_tuned,2,smetric_optimized,optimized-pd.yaml,138.36183333333335,71.5527950310559,1610,1610,1152,127,4.533232606748431,13.36784965787082,,,<WORKSPACE_ROOT>/results/po-colocation-three-repeat-2bb26956-20261001/po127/repeat-02/smetric_pd_tuned/results/smetric_optimized/po127-vllm-router-native-smetric-optimized_20261001_083959
po127,po,smetric_pd_slack025,2,smetric_optimized,optimized-pd-slack025.yaml,132.27280833333333,70.82810539523211,1594,1594,1129,127,4.85691003736992,12.462544529698762,,,<WORKSPACE_ROOT>/results/po-colocation-three-repeat-2bb26956-20261001/po127/repeat-02/smetric_pd_slack025/results/smetric_optimized/po127-vllm-router-native-smetric-optimized_20261001_090356
po127,po,cache_aware,2,cache_aware,,96.748785,55.723684210526315,1520,1518,847,127,8.342045564719811,25.229524562507834,,,<WORKSPACE_ROOT>/results/po-colocation-three-repeat-2bb26956-20261001/po127/repeat-02/cache_aware/results/cache_aware/po127-vllm-router-native-cache-aware_20261001_092747
po127,po,power_of_two,2,power_of_two,,72.15531166666666,51.18483412322275,1266,1252,648,127,12.23032578689079,39.59570242222406,,,<WORKSPACE_ROOT>/results/po-colocation-three-repeat-2bb26956-20261001/po127/repeat-02/power_of_two/results/power_of_two/po127-vllm-router-native-power-of-two_20261001_095151
po127,po,consistent_hash,2,consistent_hash,,125.556785,64.86833654463712,1557,1557,1010,127,6.244794701191961,15.186135409027282,,,<WORKSPACE_ROOT>/results/po-colocation-three-repeat-2bb26956-20261001/po127/repeat-02/consistent_hash/results/consistent_hash/po127-vllm-router-native-consistent-hash_20261001_101545
po127,po,rendezvous_hash,2,rendezvous_hash,,120.81270500000001,62.49205340114431,1573,1573,983,127,5.234421991759133,16.12152644395828,,,<WORKSPACE_ROOT>/results/po-colocation-three-repeat-2bb26956-20261001/po127/repeat-02/rendezvous_hash/results/rendezvous_hash/po127-vllm-router-native-rendezvous-hash_20261001_103934
po127,po,smetric_default,3,smetric_default,default.yaml,131.71288666666666,67.60828625235405,1593,1593,1077,127,4.819113274999968,15.60796835795043,,,<WORKSPACE_ROOT>/results/po-colocation-three-repeat-2bb26956-20261001/po127/repeat-03/smetric_default/results/smetric_default/po127-vllm-router-native-smetric-default_20261001_110312
po127,po,smetric_initial,3,smetric_optimized,optimized-initial.yaml,134.04217666666668,67.32429099876695,1622,1622,1092,127,4.632776420967684,13.187562962993978,,,<WORKSPACE_ROOT>/results/po-colocation-three-repeat-2bb26956-20261001/po127/repeat-03/smetric_initial/results/smetric_optimized/po127-vllm-router-native-smetric-optimized_20261001_112725
po127,po,smetric_po_tuned,3,smetric_optimized,optimized-po.yaml,143.34592833333335,72.3030303030303,1650,1650,1193,127,4.05410762183594,10.569728607311845,,,<WORKSPACE_ROOT>/results/po-colocation-three-repeat-2bb26956-20261001/po127/repeat-03/smetric_po_tuned/results/smetric_optimized/po127-vllm-router-native-smetric-optimized_20261001_115125
po127,po,smetric_pd_tuned,3,smetric_optimized,optimized-pd.yaml,132.12095666666667,67.8146524733876,1597,1597,1083,127,4.885263496250586,15.036232635378799,,,<WORKSPACE_ROOT>/results/po-colocation-three-repeat-2bb26956-20261001/po127/repeat-03/smetric_pd_tuned/results/smetric_optimized/po127-vllm-router-native-smetric-optimized_20261001_121524
po127,po,smetric_pd_slack025,3,smetric_optimized,optimized-pd-slack025.yaml,144.20576,73.54205033763044,1629,1629,1198,127,4.2908085112244425,13.059241604059917,,,<WORKSPACE_ROOT>/results/po-colocation-three-repeat-2bb26956-20261001/po127/repeat-03/smetric_pd_slack025/results/smetric_optimized/po127-vllm-router-native-smetric-optimized_20261001_123910
po127,po,cache_aware,3,cache_aware,,94.26399166666667,54.81927710843374,1494,1494,819,127,7.900837777194927,22.418643696419895,,,<WORKSPACE_ROOT>/results/po-colocation-three-repeat-2bb26956-20261001/po127/repeat-03/cache_aware/results/cache_aware/po127-vllm-router-native-cache-aware_20261001_130252
po127,po,power_of_two,3,power_of_two,,77.53538499999999,53.05313243457574,1261,1240,669,127,11.91979161033467,38.222399098426095,,,<WORKSPACE_ROOT>/results/po-colocation-three-repeat-2bb26956-20261001/po127/repeat-03/power_of_two/results/power_of_two/po127-vllm-router-native-power-of-two_20261001_132628
po127,po,consistent_hash,3,consistent_hash,,127.357265,66.21794871794872,1560,1560,1033,127,6.317549294496003,14.864435135759384,,,<WORKSPACE_ROOT>/results/po-colocation-three-repeat-2bb26956-20261001/po127/repeat-03/consistent_hash/results/consistent_hash/po127-vllm-router-native-consistent-hash_20261001_135021
po127,po,rendezvous_hash,3,rendezvous_hash,,123.04703833333333,64.3312101910828,1570,1570,1010,127,5.409333398121937,17.742103000916536,,,<WORKSPACE_ROOT>/results/po-colocation-three-repeat-2bb26956-20261001/po127/repeat-03/rendezvous_hash/results/rendezvous_hash/po127-vllm-router-native-rendezvous-hash_20261001_141407
po64,po,smetric_default,1,smetric_default,default.yaml,81.44448,88.06333739342266,821,821,723,64,2.494763565829407,7.936982307583094,,,<WORKSPACE_ROOT>/results/po-colocation-three-repeat-2bb26956-20261001/po64/repeat-01/smetric_default/results/smetric_default/po64-vllm-router-native-smetric-default_20261001_143814
po64,po,smetric_initial,1,smetric_optimized,optimized-initial.yaml,81.92458,88.91595615103532,821,821,730,64,2.4667055827001705,7.883272673934698,,,<WORKSPACE_ROOT>/results/po-colocation-three-repeat-2bb26956-20261001/po64/repeat-01/smetric_initial/results/smetric_optimized/po64-vllm-router-native-smetric-optimized_20261001_150154
po64,po,smetric_po_tuned,1,smetric_optimized,optimized-po.yaml,83.87643333333334,90.98660170523752,821,821,747,64,2.314791640668345,6.290862038731575,,,<WORKSPACE_ROOT>/results/po-colocation-three-repeat-2bb26956-20261001/po64/repeat-01/smetric_po_tuned/results/smetric_optimized/po64-vllm-router-native-smetric-optimized_20261001_152545
po64,po,smetric_pd_tuned,1,smetric_optimized,optimized-pd.yaml,82.208535,89.14634146341463,820,820,731,64,2.487684294513268,7.856557491049167,,,<WORKSPACE_ROOT>/results/po-colocation-three-repeat-2bb26956-20261001/po64/repeat-01/smetric_pd_tuned/results/smetric_optimized/po64-vllm-router-native-smetric-optimized_20261001_154924
po64,po,smetric_pd_slack025,1,smetric_optimized,optimized-pd-slack025.yaml,83.98400500000001,91.46341463414635,820,820,750,64,2.31130192566027,6.778610169887542,,,<WORKSPACE_ROOT>/results/po-colocation-three-repeat-2bb26956-20261001/po64/repeat-01/smetric_pd_slack025/results/smetric_optimized/po64-vllm-router-native-smetric-optimized_20261001_161322
po64,po,cache_aware,1,cache_aware,,71.30008000000001,75.73170731707317,820,820,621,64,3.635056737887605,11.506284375861284,,,<WORKSPACE_ROOT>/results/po-colocation-three-repeat-2bb26956-20261001/po64/repeat-01/cache_aware/results/cache_aware/po64-vllm-router-native-cache-aware_20261001_163709
po64,po,power_of_two,1,power_of_two,,77.46655833333334,83.19123020706455,821,821,683,64,3.343027486512381,10.060564000159502,,,<WORKSPACE_ROOT>/results/po-colocation-three-repeat-2bb26956-20261001/po64/repeat-01/power_of_two/results/power_of_two/po64-vllm-router-native-power-of-two_20261001_170055
po64,po,consistent_hash,1,consistent_hash,,78.84077833333333,84.39024390243902,820,820,692,64,2.906857569761029,8.786768019944414,,,<WORKSPACE_ROOT>/results/po-colocation-three-repeat-2bb26956-20261001/po64/repeat-01/consistent_hash/results/consistent_hash/po64-vllm-router-native-consistent-hash_20261001_172447
po64,po,rendezvous_hash,1,rendezvous_hash,,80.58462,86.21951219512195,820,820,707,64,2.7793016098757706,8.870367676950986,,,<WORKSPACE_ROOT>/results/po-colocation-three-repeat-2bb26956-20261001/po64/repeat-01/rendezvous_hash/results/rendezvous_hash/po64-vllm-router-native-rendezvous-hash_20261001_174838
po64,po,smetric_default,2,smetric_default,default.yaml,81.69101166666667,88.42874543239951,821,821,726,64,2.488819743430607,7.922163367271423,,,<WORKSPACE_ROOT>/results/po-colocation-three-repeat-2bb26956-20261001/po64/repeat-02/smetric_default/results/smetric_default/po64-vllm-router-native-smetric-default_20261001_181214
po64,po,smetric_initial,2,smetric_optimized,optimized-initial.yaml,81.91215666666666,89.03775883069427,821,821,731,64,2.472007346025302,7.92515267804265,,,<WORKSPACE_ROOT>/results/po-colocation-three-repeat-2bb26956-20261001/po64/repeat-02/smetric_initial/results/smetric_optimized/po64-vllm-router-native-smetric-optimized_20261001_183553
po64,po,smetric_po_tuned,2,smetric_optimized,optimized-po.yaml,84.05026666666666,91.10840438489647,821,821,748,64,2.3037958559778664,6.470240775495768,,,<WORKSPACE_ROOT>/results/po-colocation-three-repeat-2bb26956-20261001/po64/repeat-02/smetric_po_tuned/results/smetric_optimized/po64-vllm-router-native-smetric-optimized_20261001_185941
po64,po,smetric_pd_tuned,2,smetric_optimized,optimized-pd.yaml,81.849175,88.90243902439025,820,820,729,64,2.4905979701794867,7.748735874891272,,,<WORKSPACE_ROOT>/results/po-colocation-three-repeat-2bb26956-20261001/po64/repeat-02/smetric_pd_tuned/results/smetric_optimized/po64-vllm-router-native-smetric-optimized_20261001_192315
po64,po,smetric_pd_slack025,2,smetric_optimized,optimized-pd-slack025.yaml,84.49271833333334,92.1951219512195,820,820,756,64,2.2768037567187736,6.593912283144891,,,<WORKSPACE_ROOT>/results/po-colocation-three-repeat-2bb26956-20261001/po64/repeat-02/smetric_pd_slack025/results/smetric_optimized/po64-vllm-router-native-smetric-optimized_20261001_194708
po64,po,cache_aware,2,cache_aware,,71.15300666666667,75.60975609756098,820,820,620,64,3.642270220734361,11.47515316829085,,,<WORKSPACE_ROOT>/results/po-colocation-three-repeat-2bb26956-20261001/po64/repeat-02/cache_aware/results/cache_aware/po64-vllm-router-native-cache-aware_20261001_201058
po64,po,power_of_two,2,power_of_two,,77.94158,83.3943833943834,819,819,683,64,3.1872055091109397,9.527729985117908,,,<WORKSPACE_ROOT>/results/po-colocation-three-repeat-2bb26956-20261001/po64/repeat-02/power_of_two/results/power_of_two/po64-vllm-router-native-power-of-two_20261001_203443
po64,po,consistent_hash,2,consistent_hash,,78.48047333333332,84.02439024390245,820,820,689,64,2.9067391246648095,8.957595793530336,,,<WORKSPACE_ROOT>/results/po-colocation-three-repeat-2bb26956-20261001/po64/repeat-02/consistent_hash/results/consistent_hash/po64-vllm-router-native-consistent-hash_20261001_205842
po64,po,rendezvous_hash,2,rendezvous_hash,,80.66143833333334,86.46341463414635,820,820,709,64,2.7661204068308196,8.884143245778976,,,<WORKSPACE_ROOT>/results/po-colocation-three-repeat-2bb26956-20261001/po64/repeat-02/rendezvous_hash/results/rendezvous_hash/po64-vllm-router-native-rendezvous-hash_20261001_212208
po64,po,smetric_default,3,smetric_default,default.yaml,81.73382000000001,88.42874543239951,821,821,726,64,2.489784862006698,7.927759911864996,,,<WORKSPACE_ROOT>/results/po-colocation-three-repeat-2bb26956-20261001/po64/repeat-03/smetric_default/results/smetric_default/po64-vllm-router-native-smetric-default_20261001_214548
po64,po,smetric_initial,3,smetric_optimized,optimized-initial.yaml,81.70627,88.55054811205846,821,821,727,64,2.4778242872100003,7.837228011339903,,,<WORKSPACE_ROOT>/results/po-colocation-three-repeat-2bb26956-20261001/po64/repeat-03/smetric_initial/results/smetric_optimized/po64-vllm-router-native-smetric-optimized_20261001_220941
po64,po,smetric_po_tuned,3,smetric_optimized,optimized-po.yaml,84.14418666666666,91.47381242387333,821,821,751,64,2.2608371003418615,6.407368287444115,,,<WORKSPACE_ROOT>/results/po-colocation-three-repeat-2bb26956-20261001/po64/repeat-03/smetric_po_tuned/results/smetric_optimized/po64-vllm-router-native-smetric-optimized_20261001_223332
po64,po,smetric_pd_tuned,3,smetric_optimized,optimized-pd.yaml,81.94817666666667,89.02439024390245,820,820,730,64,2.476603567354926,7.77051996551454,,,<WORKSPACE_ROOT>/results/po-colocation-three-repeat-2bb26956-20261001/po64/repeat-03/smetric_pd_tuned/results/smetric_optimized/po64-vllm-router-native-smetric-optimized_20261001_225727
po64,po,smetric_pd_slack025,3,smetric_optimized,optimized-pd-slack025.yaml,84.59148666666667,92.4390243902439,820,820,758,64,2.249710715453072,6.066064495407044,,,<WORKSPACE_ROOT>/results/po-colocation-three-repeat-2bb26956-20261001/po64/repeat-03/smetric_pd_slack025/results/smetric_optimized/po64-vllm-router-native-smetric-optimized_20261001_232121
po64,po,cache_aware,3,cache_aware,,72.33734,76.46341463414635,820,820,627,64,3.4951640223947966,10.196968618780371,,,<WORKSPACE_ROOT>/results/po-colocation-three-repeat-2bb26956-20261001/po64/repeat-03/cache_aware/results/cache_aware/po64-vllm-router-native-cache-aware_20261001_234510
po64,po,power_of_two,3,power_of_two,,76.11636833333333,81.46341463414635,820,820,668,64,3.487162008159226,10.34984536487609,,,<WORKSPACE_ROOT>/results/po-colocation-three-repeat-2bb26956-20261001/po64/repeat-03/power_of_two/results/power_of_two/po64-vllm-router-native-power-of-two_20261002_000912
po64,po,consistent_hash,3,consistent_hash,,78.95642666666667,84.51219512195122,820,820,693,64,2.90639086541061,8.919700924307104,,,<WORKSPACE_ROOT>/results/po-colocation-three-repeat-2bb26956-20261001/po64/repeat-03/consistent_hash/results/consistent_hash/po64-vllm-router-native-consistent-hash_20261002_003256
po64,po,rendezvous_hash,3,rendezvous_hash,,80.58462,86.21951219512195,820,820,707,64,2.7644146040627144,8.874741229787467,,,<WORKSPACE_ROOT>/results/po-colocation-three-repeat-2bb26956-20261001/po64/repeat-03/rendezvous_hash/results/rendezvous_hash/po64-vllm-router-native-rendezvous-hash_20261002_005646
pd64,pd,smetric_default,1,smetric_default,default.yaml,0.5677216666666667,84.87874465049929,701,701,595,64,1.7847086686359324,5.019949298352003,18.138887189541613,37.89179186236131,<WORKSPACE_ROOT>/results/po-colocation-three-repeat-2bb26956-20261001/pd64/repeat-01/smetric_default/results/smetric_default/pd64-vllm-router-native-smetric-default_20261002_012036
pd64,pd,smetric_initial,1,smetric_optimized,optimized-initial.yaml,0.593185,86.47887323943662,710,710,614,64,1.8077827001908715,5.355898671783505,17.46708953930942,33.43179138952425,<WORKSPACE_ROOT>/results/po-colocation-three-repeat-2bb26956-20261001/pd64/repeat-01/smetric_initial/results/smetric_optimized/pd64-vllm-router-native-smetric-optimized_20261002_014411
pd64,pd,smetric_po_tuned,1,smetric_optimized,optimized-po.yaml,0.6173200000000001,85.81460674157303,712,712,611,64,1.8105197920610479,6.253215200453994,18.620278843161195,41.67280395141614,<WORKSPACE_ROOT>/results/po-colocation-three-repeat-2bb26956-20261001/pd64/repeat-01/smetric_po_tuned/results/smetric_optimized/pd64-vllm-router-native-smetric-optimized_20261002_020750
pd64,pd,smetric_pd_tuned,1,smetric_optimized,optimized-pd.yaml,0.5961916666666667,88.44011142061281,718,718,635,64,1.6718125051940715,4.783697109855711,16.426642489231124,32.709012268995394,<WORKSPACE_ROOT>/results/po-colocation-three-repeat-2bb26956-20261001/pd64/repeat-01/smetric_pd_tuned/results/smetric_optimized/pd64-vllm-router-native-smetric-optimized_20261002_023136
pd64,pd,smetric_pd_slack025,1,smetric_optimized,optimized-pd-slack025.yaml,0.6239733333333334,87.37864077669903,721,721,630,64,1.7693800002429505,5.228805355727673,17.20579760379314,36.02444472042747,<WORKSPACE_ROOT>/results/po-colocation-three-repeat-2bb26956-20261001/pd64/repeat-01/smetric_pd_slack025/results/smetric_optimized/pd64-vllm-router-native-smetric-optimized_20261002_025533
pd64,pd,cache_aware,1,cache_aware,,0.53846,81.63265306122449,686,685,560,64,1.7968000031463855,5.072425009310245,19.87371230325445,43.37981408466377,<WORKSPACE_ROOT>/results/po-colocation-three-repeat-2bb26956-20261001/pd64/repeat-01/cache_aware/results/cache_aware/pd64-vllm-router-native-cache-aware_20261002_031924
pd64,pd,power_of_two,1,power_of_two,,0.4039583333333333,68.01872074882995,641,637,436,64,2.567573599464712,8.031276542693375,24.545851304806263,68.03609486597252,<WORKSPACE_ROOT>/results/po-colocation-three-repeat-2bb26956-20261001/pd64/repeat-01/power_of_two/results/power_of_two/pd64-vllm-router-native-power-of-two_20261002_034305
pd64,pd,consistent_hash,1,consistent_hash,,0.4532483333333333,78.3987915407855,662,661,519,64,1.7847273623325641,5.465482227504253,21.084000051117556,53.07766187400999,<WORKSPACE_ROOT>/results/po-colocation-three-repeat-2bb26956-20261001/pd64/repeat-01/consistent_hash/results/consistent_hash/pd64-vllm-router-native-consistent-hash_20261002_040646
pd64,pd,rendezvous_hash,1,rendezvous_hash,,0.5194266666666666,78.96296296296296,675,675,533,64,1.8798437798133603,6.16299338005483,19.452318114030344,39.731161538818206,<WORKSPACE_ROOT>/results/po-colocation-three-repeat-2bb26956-20261001/pd64/repeat-01/rendezvous_hash/results/rendezvous_hash/pd64-vllm-router-native-rendezvous-hash_20261002_043048
pd64,pd,smetric_default,2,smetric_default,default.yaml,0.633335,85.43417366946778,714,714,610,64,1.8939253920767487,6.555854950845243,18.750257484784722,39.3531112546736,<WORKSPACE_ROOT>/results/po-colocation-three-repeat-2bb26956-20261001/pd64/repeat-02/smetric_default/results/smetric_default/pd64-vllm-router-native-smetric-default_20261002_045423
pd64,pd,smetric_initial,2,smetric_optimized,optimized-initial.yaml,0.5938283333333334,85.67375886524823,705,705,604,64,1.9196925658653392,5.7584392517805085,17.480991337340047,36.490664402915144,<WORKSPACE_ROOT>/results/po-colocation-three-repeat-2bb26956-20261001/pd64/repeat-02/smetric_initial/results/smetric_optimized/pd64-vllm-router-native-smetric-optimized_20261002_051815
pd64,pd,smetric_po_tuned,2,smetric_optimized,optimized-po.yaml,0.62012,88.17056396148556,727,727,641,64,1.735755118760479,4.969213361665607,16.99967920018257,33.1583529695971,<WORKSPACE_ROOT>/results/po-colocation-three-repeat-2bb26956-20261001/pd64/repeat-02/smetric_po_tuned/results/smetric_optimized/pd64-vllm-router-native-smetric-optimized_20261002_054202
pd64,pd,smetric_pd_tuned,2,smetric_optimized,optimized-pd.yaml,0.54243,85.97997138769671,699,699,601,64,1.7112188082033815,5.169886396825316,17.910362616022017,41.588651663127294,<WORKSPACE_ROOT>/results/po-colocation-three-repeat-2bb26956-20261001/pd64/repeat-02/smetric_pd_tuned/results/smetric_optimized/pd64-vllm-router-native-smetric-optimized_20261002_060545
pd64,pd,smetric_pd_slack025,2,smetric_optimized,optimized-pd-slack025.yaml,0.6469883333333334,88.65836791147994,723,723,641,64,1.8693181962640453,5.145772820338607,16.79466623222646,31.72504368255504,<WORKSPACE_ROOT>/results/po-colocation-three-repeat-2bb26956-20261001/pd64/repeat-02/smetric_pd_slack025/results/smetric_optimized/pd64-vllm-router-native-smetric-optimized_20261002_062948
pd64,pd,cache_aware,2,cache_aware,,0.5041383333333334,82.39644970414201,676,675,557,64,1.767496733913819,5.2927008848637325,19.064271632478913,41.12819204647192,<WORKSPACE_ROOT>/results/po-colocation-three-repeat-2bb26956-20261001/pd64/repeat-02/cache_aware/results/cache_aware/pd64-vllm-router-native-cache-aware_20261002_065339
pd64,pd,power_of_two,2,power_of_two,,0.40375333333333335,66.33165829145729,597,595,396,64,2.5984593148241526,8.644857039302586,26.45196418084717,74.11595255832566,<WORKSPACE_ROOT>/results/po-colocation-three-repeat-2bb26956-20261001/pd64/repeat-02/power_of_two/results/power_of_two/pd64-vllm-router-native-power-of-two_20261002_071744
pd64,pd,consistent_hash,2,consistent_hash,,0.46336,78.06354009077155,661,660,516,64,1.8292631984603676,5.7141102375462625,21.03564789652509,53.70339851598209,<WORKSPACE_ROOT>/results/po-colocation-three-repeat-2bb26956-20261001/pd64/repeat-02/consistent_hash/results/consistent_hash/pd64-vllm-router-native-consistent-hash_20261002_074141
pd64,pd,rendezvous_hash,2,rendezvous_hash,,0.5188416666666666,79.08689248895435,679,679,537,64,1.9215317130780096,6.217272246256473,19.256288224212685,41.35250786194567,<WORKSPACE_ROOT>/results/po-colocation-three-repeat-2bb26956-20261001/pd64/repeat-02/rendezvous_hash/results/rendezvous_hash/pd64-vllm-router-native-rendezvous-hash_20261002_080545
pd64,pd,smetric_default,3,smetric_default,default.yaml,0.6319766666666667,85.49723756906077,724,724,619,64,1.8792382630658495,5.807389907725156,17.397109083027097,38.75010440541211,<WORKSPACE_ROOT>/results/po-colocation-three-repeat-2bb26956-20261001/pd64/repeat-03/smetric_default/results/smetric_default/pd64-vllm-router-native-smetric-default_20261002_082930
pd64,pd,smetric_initial,3,smetric_optimized,optimized-initial.yaml,0.6112016666666668,88.73435326842838,719,719,638,64,1.7323863061613847,5.5175146978348515,16.651795672374217,36.39062120084156,<WORKSPACE_ROOT>/results/po-colocation-three-repeat-2bb26956-20261001/pd64/repeat-03/smetric_initial/results/smetric_optimized/pd64-vllm-router-native-smetric-optimized_20261002_085336
pd64,pd,smetric_po_tuned,3,smetric_optimized,optimized-po.yaml,0.5647766666666666,85.57422969187675,714,714,611,64,1.7820707420487196,6.041314507834617,16.800300431935344,33.12515287581506,<WORKSPACE_ROOT>/results/po-colocation-three-repeat-2bb26956-20261001/pd64/repeat-03/smetric_po_tuned/results/smetric_optimized/pd64-vllm-router-native-smetric-optimized_20261002_091722
pd64,pd,smetric_pd_tuned,3,smetric_optimized,optimized-pd.yaml,0.6634366666666666,87.56756756756756,740,740,648,64,1.8160973604416122,5.448634919524187,16.94992265373027,36.58955859073347,<WORKSPACE_ROOT>/results/po-colocation-three-repeat-2bb26956-20261001/pd64/repeat-03/smetric_pd_tuned/results/smetric_optimized/pd64-vllm-router-native-smetric-optimized_20261002_094120
pd64,pd,smetric_pd_slack025,3,smetric_optimized,optimized-pd-slack025.yaml,0.614545,88.8121546961326,724,724,643,64,1.7107212942824261,4.785904999077322,16.14793461951231,34.40751872285572,<WORKSPACE_ROOT>/results/po-colocation-three-repeat-2bb26956-20261001/pd64/repeat-03/smetric_pd_slack025/results/smetric_optimized/pd64-vllm-router-native-smetric-optimized_20261002_100459
pd64,pd,cache_aware,3,cache_aware,,0.48537166666666665,80.1775147928994,676,675,542,64,1.8821979573589784,5.292044776305555,20.230727481326053,47.152364141997886,<WORKSPACE_ROOT>/results/po-colocation-three-repeat-2bb26956-20261001/pd64/repeat-03/cache_aware/results/cache_aware/pd64-vllm-router-native-cache-aware_20261002_102850
pd64,pd,power_of_two,3,power_of_two,,0.364905,64.17391304347827,575,575,369,64,3.0872796707179235,9.318781843408937,27.72052554421287,74.65561474376766,<WORKSPACE_ROOT>/results/po-colocation-three-repeat-2bb26956-20261001/pd64/repeat-03/power_of_two/results/power_of_two/pd64-vllm-router-native-power-of-two_20261002_105242
pd64,pd,consistent_hash,3,consistent_hash,,0.4559533333333333,77.2382397572079,659,658,509,64,1.7772419631968062,5.8556351063773,22.249256798332738,53.4709035318336,<WORKSPACE_ROOT>/results/po-colocation-three-repeat-2bb26956-20261001/pd64/repeat-03/consistent_hash/results/consistent_hash/pd64-vllm-router-native-consistent-hash_20261002_111620
pd64,pd,rendezvous_hash,3,rendezvous_hash,,0.5164333333333333,78.93961708394698,679,679,536,64,1.8878704114146365,5.788824233785274,19.20676641347036,39.14705430366289,<WORKSPACE_ROOT>/results/po-colocation-three-repeat-2bb26956-20261001/pd64/repeat-03/rendezvous_hash/results/rendezvous_hash/pd64-vllm-router-native-rendezvous-hash_20261002_114005
