scenario,setting,case,metric,n,mean,sample_stdev,min,max
po127,po,smetric_default,goodput_ktok_s,3,129.92264166666666,1.908327440575325,127.91487333333333,131.71288666666666
po127,po,smetric_default,passing_pct,3,67.15401343935974,1.1878705843153252,65.80604534005037,68.04770872567482
po127,po,smetric_default,offered,3,1591.3333333333333,2.8867513459481287,1588,1593
po127,po,smetric_default,served,3,1591.3333333333333,2.8867513459481287,1588,1593
po127,po,smetric_default,passing,3,1068.6666666666667,20.79262689833426,1045,1084
po127,po,smetric_default,ttft_s.mean,3,5.2112479954874145,0.4657315105370286,4.819113274999968,5.726029350792975
po127,po,smetric_default,ttft_s.p50,3,3.215594617649913,0.1040755551960843,3.0980881862342358,3.2961629685014486
po127,po,smetric_default,ttft_s.p90,3,10.490500150124229,0.3207684489434646,10.167679823189973,10.80917656943202
po127,po,smetric_default,ttft_s.p95,3,15.904997211260081,0.36408793658288563,15.60796835795043,16.31117502450941
po127,po,smetric_default,ttft_s.p99,3,33.68158173157451,10.103983794061111,24.221097064018238,44.32493753473991
po127,po,smetric_default,tpot_ms.mean,0,,,,
po127,po,smetric_default,tpot_ms.p50,0,,,,
po127,po,smetric_default,tpot_ms.p90,0,,,,
po127,po,smetric_default,tpot_ms.p95,0,,,,
po127,po,smetric_default,tpot_ms.p99,0,,,,
po127,po,smetric_initial,goodput_ktok_s,3,132.17950277777777,1.8320333809400777,130.37973,134.04217666666668
po127,po,smetric_initial,passing_pct,3,67.43785116125959,0.2293841339952748,67.28739913097455,67.70186335403727
po127,po,smetric_initial,offered,3,1614.3333333333333,6.6583281184793925,1610,1622
po127,po,smetric_initial,served,3,1614.3333333333333,6.6583281184793925,1610,1622
po127,po,smetric_initial,passing,3,1088.6666666666667,4.163331998932265,1084,1092
po127,po,smetric_initial,ttft_s.mean,3,4.615964160102212,0.02428363278723959,4.5881233767322875,4.632776420967684
po127,po,smetric_initial,ttft_s.p50,3,3.253972073396047,0.08663924205907922,3.15588341653347,3.3200551755726337
po127,po,smetric_initial,ttft_s.p90,3,9.317625815669702,0.24210711029164084,9.059026766568422,9.538907684758325
po127,po,smetric_initial,ttft_s.p95,3,12.807942254779237,0.40023004545979207,12.389877267181873,13.187562962993978
po127,po,smetric_initial,ttft_s.p99,3,22.46292556181551,0.5001217160961041,22.156149494089178,23.04003291800619
po127,po,smetric_initial,tpot_ms.mean,0,,,,
po127,po,smetric_initial,tpot_ms.p50,0,,,,
po127,po,smetric_initial,tpot_ms.p90,0,,,,
po127,po,smetric_initial,tpot_ms.p95,0,,,,
po127,po,smetric_initial,tpot_ms.p99,0,,,,
po127,po,smetric_po_tuned,goodput_ktok_s,3,138.76494888888888,4.061558295528105,135.60427166666668,143.34592833333335
po127,po,smetric_po_tuned,passing_pct,3,70.86860626989515,1.4085986368810925,69.48733786287832,72.3030303030303
po127,po,smetric_po_tuned,offered,3,1633.3333333333333,15.631165450257807,1619,1650
po127,po,smetric_po_tuned,served,3,1633.3333333333333,15.631165450257807,1619,1650
po127,po,smetric_po_tuned,passing,3,1157.6666666666667,34.07834111768549,1125,1193
po127,po,smetric_po_tuned,ttft_s.mean,3,4.264509690997596,0.18351617201199785,4.05410762183594,4.3915375979908315
po127,po,smetric_po_tuned,ttft_s.p50,3,3.076366805781921,0.1785164367728911,2.955170065164566,3.2813661135733128
po127,po,smetric_po_tuned,ttft_s.p90,3,8.494593124339978,0.40455462313930074,8.162502094358208,8.945157714188099
po127,po,smetric_po_tuned,ttft_s.p95,3,11.298739972338078,0.7268889220009387,10.569728607311845,12.023487694561481
po127,po,smetric_po_tuned,ttft_s.p99,3,21.276339764582616,2.43867220646778,18.61470604393631,23.40333599127826
po127,po,smetric_po_tuned,tpot_ms.mean,0,,,,
po127,po,smetric_po_tuned,tpot_ms.p50,0,,,,
po127,po,smetric_po_tuned,tpot_ms.p90,0,,,,
po127,po,smetric_po_tuned,tpot_ms.p95,0,,,,
po127,po,smetric_po_tuned,tpot_ms.p99,0,,,,
po127,po,smetric_pd_tuned,goodput_ktok_s,3,132.12761444444445,6.230892667716547,125.90005333333333,138.36183333333335
po127,po,smetric_pd_tuned,passing_pct,3,70.07498626249556,1.9881364392817775,67.8146524733876,71.5527950310559
po127,po,smetric_pd_tuned,offered,3,1586.0,31.0,1551,1610
po127,po,smetric_pd_tuned,served,3,1586.0,31.0,1551,1610
po127,po,smetric_pd_tuned,passing,3,1111.3333333333333,36.11555528208494,1083,1152
po127,po,smetric_pd_tuned,ttft_s.mean,3,4.984833229582577,0.5087465065512983,4.533232606748431,5.536003585748715
po127,po,smetric_pd_tuned,ttft_s.p50,3,2.9800775852054358,0.18721444984826582,2.7691431678831577,3.126523494720459
po127,po,smetric_pd_tuned,ttft_s.p90,3,10.187247385953865,0.6740440155436533,9.408995193615558,10.585204038769007
po127,po,smetric_pd_tuned,ttft_s.p95,3,15.712705902320627,2.7463065109732585,13.36784965787082,18.734035413712263
po127,po,smetric_pd_tuned,ttft_s.p99,3,33.45104823657623,13.707960603483771,25.500095714144443,49.27958104014397
po127,po,smetric_pd_tuned,tpot_ms.mean,0,,,,
po127,po,smetric_pd_tuned,tpot_ms.p50,0,,,,
po127,po,smetric_pd_tuned,tpot_ms.p90,0,,,,
po127,po,smetric_pd_tuned,tpot_ms.p95,0,,,,
po127,po,smetric_pd_tuned,tpot_ms.p99,0,,,,
po127,po,smetric_pd_slack025,goodput_ktok_s,3,138.40984555555556,5.973785017213946,132.27280833333333,144.20576
po127,po,smetric_pd_slack025,passing_pct,3,71.79786119989787,1.513665923549872,70.82810539523211,73.54205033763044
po127,po,smetric_pd_slack025,offered,3,1615.0,18.520259177452136,1594,1629
po127,po,smetric_pd_slack025,served,3,1615.0,18.520259177452136,1594,1629
po127,po,smetric_pd_slack025,passing,3,1159.6666666666667,35.133080327994776,1129,1198
po127,po,smetric_pd_slack025,ttft_s.mean,3,4.50710977969036,0.30575189217216264,4.2908085112244425,4.85691003736992
po127,po,smetric_pd_slack025,ttft_s.p50,3,2.9663620280722776,0.12320648293231692,2.8384720757603645,3.0842788256704807
po127,po,smetric_pd_slack025,ttft_s.p90,3,8.845036592831216,0.2858129015113556,8.56273192316294,9.134233075752855
po127,po,smetric_pd_slack025,ttft_s.p95,3,12.535589248438654,0.49122019650015497,12.084981611557282,13.059241604059917
po127,po,smetric_pd_slack025,ttft_s.p99,3,24.607308488910395,3.7364537034228484,22.33116897210478,28.91956758521497
po127,po,smetric_pd_slack025,tpot_ms.mean,0,,,,
po127,po,smetric_pd_slack025,tpot_ms.p50,0,,,,
po127,po,smetric_pd_slack025,tpot_ms.p90,0,,,,
po127,po,smetric_pd_slack025,tpot_ms.p95,0,,,,
po127,po,smetric_pd_slack025,tpot_ms.p99,0,,,,
po127,po,cache_aware,goodput_ktok_s,3,101.36746277777779,10.22742051581452,94.26399166666667,113.08961166666667
po127,po,cache_aware,passing_pct,3,57.397708778487235,3.7103943313008756,54.81927710843374,61.65016501650165
po127,po,cache_aware,offered,3,1509.6666666666667,13.79613472438325,1494,1520
po127,po,cache_aware,served,3,1509.0,13.076696830622021,1494,1518
po127,po,cache_aware,passing,3,866.6666666666666,59.96943666012991,819,934
po127,po,cache_aware,ttft_s.mean,3,7.7874412356562575,0.6191404931735184,7.119440365054033,8.342045564719811
po127,po,cache_aware,ttft_s.p50,3,3.962993750348687,0.28663301078083847,3.6320845261216164,4.134175216779113
po127,po,cache_aware,ttft_s.p90,3,15.3257236695538,2.4663237421700464,12.940611957013608,17.86593838110566
po127,po,cache_aware,ttft_s.p95,3,22.60853528200337,2.531390884972617,20.177437587082373,25.229524562507834
po127,po,cache_aware,ttft_s.p99,3,69.7559266951179,26.090472422309926,45.35351580902924,97.25760626248893
po127,po,cache_aware,tpot_ms.mean,0,,,,
po127,po,cache_aware,tpot_ms.p50,0,,,,
po127,po,cache_aware,tpot_ms.p90,0,,,,
po127,po,cache_aware,tpot_ms.p95,0,,,,
po127,po,cache_aware,tpot_ms.p99,0,,,,
po127,po,power_of_two,goodput_ktok_s,3,75.93029166666666,3.2814026539948498,72.15531166666666,78.10017833333333
po127,po,power_of_two,passing_pct,3,52.095207020879464,0.9350564562567197,51.18483412322275,53.05313243457574
po127,po,power_of_two,offered,3,1290.0,45.967379738244816,1261,1343
po127,po,power_of_two,served,3,1278.3333333333333,56.32347053700911,1240,1343
po127,po,power_of_two,passing,3,672.0,25.632011235952593,648,699
po127,po,power_of_two,ttft_s.mean,3,11.996906649392622,0.20598809939958504,11.840602550952406,12.23032578689079
po127,po,power_of_two,ttft_s.p50,3,4.391287244856358,0.11369148750528627,4.308656558394432,4.520947828888893
po127,po,power_of_two,ttft_s.p90,3,24.20168774053455,2.204410753801246,21.848662183806308,26.218961970508097
po127,po,power_of_two,ttft_s.p95,3,38.67048571016641,0.8013927590515528,38.193355609849064,39.59570242222406
po127,po,power_of_two,ttft_s.p99,3,166.8672087494134,32.89867494625076,136.2806984720757,201.67127768479006
po127,po,power_of_two,tpot_ms.mean,0,,,,
po127,po,power_of_two,tpot_ms.p50,0,,,,
po127,po,power_of_two,tpot_ms.p90,0,,,,
po127,po,power_of_two,tpot_ms.p95,0,,,,
po127,po,power_of_two,tpot_ms.p99,0,,,,
po127,po,consistent_hash,goodput_ktok_s,3,125.07323222222222,2.560288931564137,122.30564666666666,127.357265
po127,po,consistent_hash,passing_pct,3,65.3460179171106,0.7562656368050099,64.86833654463712,66.21794871794872
po127,po,consistent_hash,offered,3,1557.3333333333333,2.516611478423583,1555,1560
po127,po,consistent_hash,served,3,1557.3333333333333,2.516611478423583,1555,1560
po127,po,consistent_hash,passing,3,1017.6666666666666,13.279056191361393,1010,1033
po127,po,consistent_hash,ttft_s.mean,3,6.3564955006747175,0.13544075438280942,6.244794701191961,6.507142506336188
po127,po,consistent_hash,ttft_s.p50,3,3.3194077803442874,0.04644558455985551,3.26719406619668,3.356120690703392
po127,po,consistent_hash,ttft_s.p90,3,10.514997525761528,0.21677121586880702,10.30761555582285,10.740073431283239
po127,po,consistent_hash,ttft_s.p95,3,14.950449006073148,0.206577265751575,14.800776473432778,15.186135409027282
po127,po,consistent_hash,ttft_s.p99,3,86.9010436998185,17.247390494724492,72.37062978252777,105.96128276616352
po127,po,consistent_hash,tpot_ms.mean,0,,,,
po127,po,consistent_hash,tpot_ms.p50,0,,,,
po127,po,consistent_hash,tpot_ms.p90,0,,,,
po127,po,consistent_hash,tpot_ms.p95,0,,,,
po127,po,consistent_hash,tpot_ms.p99,0,,,,
po127,po,rendezvous_hash,goodput_ktok_s,3,122.51326666666667,1.50635671047269,120.81270500000001,123.68005666666667
po127,po,rendezvous_hash,passing_pct,3,63.38835597081013,0.9204616866686417,62.49205340114431,64.3312101910828
po127,po,rendezvous_hash,offered,3,1572.3333333333333,2.0816659994661326,1570,1574
po127,po,rendezvous_hash,served,3,1572.3333333333333,2.0816659994661326,1570,1574
po127,po,rendezvous_hash,passing,3,996.6666666666666,13.503086067019396,983,1010
po127,po,rendezvous_hash,ttft_s.mean,3,5.305369216984863,0.09201135556110612,5.234421991759133,5.409333398121937
po127,po,rendezvous_hash,ttft_s.p50,3,3.5349134082595506,0.08728993742310198,3.4559525474905968,3.628647133708
po127,po,rendezvous_hash,ttft_s.p90,3,11.24011413169404,0.0861628982967053,11.17239332124591,11.337097147107123
po127,po,rendezvous_hash,ttft_s.p95,3,16.442003297184897,1.173163582440384,15.462380446679877,17.742103000916536
po127,po,rendezvous_hash,ttft_s.p99,3,28.344506994374086,1.8115749880818452,27.194215542525043,30.4327376879379
po127,po,rendezvous_hash,tpot_ms.mean,0,,,,
po127,po,rendezvous_hash,tpot_ms.p50,0,,,,
po127,po,rendezvous_hash,tpot_ms.p90,0,,,,
po127,po,rendezvous_hash,tpot_ms.p95,0,,,,
po127,po,rendezvous_hash,tpot_ms.p99,0,,,,
po64,po,smetric_default,goodput_ktok_s,3,81.62310388888889,0.15616660530356138,81.44448,81.73382000000001
po64,po,smetric_default,passing_pct,3,88.30694275274055,0.21096842966733897,88.06333739342266,88.42874543239951
po64,po,smetric_default,offered,3,821.0,0.0,821,821
po64,po,smetric_default,served,3,821.0,0.0,821,821
po64,po,smetric_default,passing,3,725.0,1.7320508075688772,723,726
po64,po,smetric_default,ttft_s.mean,3,2.4911227237555704,0.00318977455652309,2.488819743430607,2.494763565829407
po64,po,smetric_default,ttft_s.p50,3,1.5786816738545895,0.011079708599322094,1.571421056985855,1.591434620320797
po64,po,smetric_default,ttft_s.p90,3,5.333577441672484,0.01887344583713322,5.317726153880358,5.354455284774303
po64,po,smetric_default,ttft_s.p95,3,7.928968528906505,0.007483035103150332,7.922163367271423,7.936982307583094
po64,po,smetric_default,ttft_s.p99,3,12.953707657506053,0.02337979015023572,12.926983203738914,12.970381570607408
po64,po,smetric_default,tpot_ms.mean,0,,,,
po64,po,smetric_default,tpot_ms.p50,0,,,,
po64,po,smetric_default,tpot_ms.p90,0,,,,
po64,po,smetric_default,tpot_ms.p95,0,,,,
po64,po,smetric_default,tpot_ms.p99,0,,,,
po64,po,smetric_initial,goodput_ktok_s,3,81.84766888888889,0.12261247545432166,81.70627,81.92458
po64,po,smetric_initial,passing_pct,3,88.83475436459601,0.2535524968899049,88.55054811205846,89.03775883069427
po64,po,smetric_initial,offered,3,821.0,0.0,821,821
po64,po,smetric_initial,served,3,821.0,0.0,821,821
po64,po,smetric_initial,passing,3,729.3333333333334,2.0816659994661326,727,731
po64,po,smetric_initial,ttft_s.mean,3,2.472179071978491,0.00556134110143194,2.4667055827001705,2.4778242872100003
po64,po,smetric_initial,ttft_s.p50,3,1.6148423217236996,0.021829441162545253,1.5896364897489548,1.6276002451777458
po64,po,smetric_initial,ttft_s.p90,3,5.2702023684978485,0.0696349680739677,5.2161005809903145,5.348768077790737
po64,po,smetric_initial,ttft_s.p95,3,7.881884454439084,0.04397876895415906,7.837228011339903,7.92515267804265
po64,po,smetric_initial,ttft_s.p99,3,12.677227001885571,0.08537304863469718,12.579122117906808,12.73465388342738
po64,po,smetric_initial,tpot_ms.mean,0,,,,
po64,po,smetric_initial,tpot_ms.p50,0,,,,
po64,po,smetric_initial,tpot_ms.p90,0,,,,
po64,po,smetric_initial,tpot_ms.p95,0,,,,
po64,po,smetric_initial,tpot_ms.p99,0,,,,
po64,po,smetric_po_tuned,goodput_ktok_s,3,84.02362888888888,0.1358496973919309,83.87643333333334,84.14418666666666
po64,po,smetric_po_tuned,passing_pct,3,91.18960617133577,0.2535524968899049,90.98660170523752,91.47381242387333
po64,po,smetric_po_tuned,offered,3,821.0,0.0,821,821
po64,po,smetric_po_tuned,served,3,821.0,0.0,821,821
po64,po,smetric_po_tuned,passing,3,748.6666666666666,2.0816659994661326,747,751
po64,po,smetric_po_tuned,ttft_s.mean,3,2.293141532329358,0.028511560195224606,2.2608371003418615,2.314791640668345
po64,po,smetric_po_tuned,ttft_s.p50,3,1.5176306366920471,0.03549352189299078,1.4799808897078037,1.5504791513085365
po64,po,smetric_po_tuned,ttft_s.p90,3,4.6590213018159075,0.04402808155638176,4.608418140560389,4.6885610446333885
po64,po,smetric_po_tuned,ttft_s.p95,3,6.389490367223819,0.09101592071902484,6.290862038731575,6.470240775495768
po64,po,smetric_po_tuned,ttft_s.p99,3,12.306039984275893,0.1413094334516297,12.15713117569684,12.438269651681184
po64,po,smetric_po_tuned,tpot_ms.mean,0,,,,
po64,po,smetric_po_tuned,tpot_ms.p50,0,,,,
po64,po,smetric_po_tuned,tpot_ms.p90,0,,,,
po64,po,smetric_po_tuned,tpot_ms.p95,0,,,,
po64,po,smetric_po_tuned,tpot_ms.p99,0,,,,
po64,po,smetric_pd_tuned,goodput_ktok_s,3,82.00196222222222,0.18561941409727015,81.849175,82.208535
po64,po,smetric_pd_tuned,passing_pct,3,89.02439024390243,0.12195121951219079,88.90243902439025,89.14634146341463
po64,po,smetric_pd_tuned,offered,3,820.0,0.0,820,820
po64,po,smetric_pd_tuned,served,3,820.0,0.0,820,820
po64,po,smetric_pd_tuned,passing,3,730.0,1.0,729,731
po64,po,smetric_pd_tuned,ttft_s.mean,3,2.4849619440158937,0.007383713278353467,2.476603567354926,2.4905979701794867
po64,po,smetric_pd_tuned,ttft_s.p50,3,1.5502653637280066,0.013286292467503758,1.536858145147562,1.563427334651351
po64,po,smetric_pd_tuned,ttft_s.p90,3,5.179652265210947,0.07830779800469133,5.103589442744854,5.260026875510812
po64,po,smetric_pd_tuned,ttft_s.p95,3,7.791937777151659,0.05701243039213002,7.748735874891272,7.856557491049167
po64,po,smetric_pd_tuned,ttft_s.p99,3,14.276571587646977,0.46755688186692246,13.737007383964936,14.562549070306115
po64,po,smetric_pd_tuned,tpot_ms.mean,0,,,,
po64,po,smetric_pd_tuned,tpot_ms.p50,0,,,,
po64,po,smetric_pd_tuned,tpot_ms.p90,0,,,,
po64,po,smetric_pd_tuned,tpot_ms.p95,0,,,,
po64,po,smetric_pd_tuned,tpot_ms.p99,0,,,,
po64,po,smetric_pd_slack025,goodput_ktok_s,3,84.35607,0.3259801667066709,83.98400500000001,84.59148666666667
po64,po,smetric_pd_slack025,passing_pct,3,92.03252032520327,0.5077234145039304,91.46341463414635,92.4390243902439
po64,po,smetric_pd_slack025,offered,3,820.0,0.0,820,820
po64,po,smetric_pd_slack025,served,3,820.0,0.0,820,820
po64,po,smetric_pd_slack025,passing,3,754.6666666666666,4.163331998932265,750,758
po64,po,smetric_pd_slack025,ttft_s.mean,3,2.2792721326107053,0.030869709317625744,2.249710715453072,2.31130192566027
po64,po,smetric_pd_slack025,ttft_s.p50,3,1.498378758629163,0.027637346440601104,1.467539632692933,1.5209070593118668
po64,po,smetric_pd_slack025,ttft_s.p90,3,4.62071253185471,0.1076725525545986,4.511419535428286,4.726687962189319
po64,po,smetric_pd_slack025,ttft_s.p95,3,6.47952898281316,0.3697877622384241,6.066064495407044,6.778610169887542
po64,po,smetric_pd_slack025,ttft_s.p99,3,13.605709875139084,0.9189694003112738,12.709233827367413,14.545631517358117
po64,po,smetric_pd_slack025,tpot_ms.mean,0,,,,
po64,po,smetric_pd_slack025,tpot_ms.p50,0,,,,
po64,po,smetric_pd_slack025,tpot_ms.p90,0,,,,
po64,po,smetric_pd_slack025,tpot_ms.p95,0,,,,
po64,po,smetric_pd_slack025,tpot_ms.p99,0,,,,
po64,po,cache_aware,goodput_ktok_s,3,71.5968088888889,0.6455210192062155,71.15300666666667,72.33734
po64,po,cache_aware,passing_pct,3,75.9349593495935,0.46169986551221975,75.60975609756098,76.46341463414635
po64,po,cache_aware,offered,3,820.0,0.0,820,820
po64,po,cache_aware,served,3,820.0,0.0,820,820
po64,po,cache_aware,passing,3,622.6666666666666,3.7859388972001824,620,627
po64,po,cache_aware,ttft_s.mean,3,3.5908303270055875,0.08292792028085944,3.4951640223947966,3.642270220734361
po64,po,cache_aware,ttft_s.p50,3,2.1570103963216147,0.01695013760484389,2.143845969811082,2.1761357579380274
po64,po,cache_aware,ttft_s.p90,3,7.929024669900538,0.38731290984947264,7.482992714643478,8.180376337096098
po64,po,cache_aware,ttft_s.p95,3,11.0594687209775,0.7471091672163742,10.196968618780371,11.506284375861284
po64,po,cache_aware,ttft_s.p99,3,21.71287843832123,0.06786256401778253,21.652653956375996,21.786408261284198
po64,po,cache_aware,tpot_ms.mean,0,,,,
po64,po,cache_aware,tpot_ms.p50,0,,,,
po64,po,cache_aware,tpot_ms.p90,0,,,,
po64,po,cache_aware,tpot_ms.p95,0,,,,
po64,po,cache_aware,tpot_ms.p99,0,,,,
po64,po,power_of_two,goodput_ktok_s,3,77.17483555555556,0.9469297974717158,76.11636833333333,77.94158
po64,po,power_of_two,passing_pct,3,82.68300941186476,1.0610732164926129,81.46341463414635,83.3943833943834
po64,po,power_of_two,offered,3,820.0,1.0,819,821
po64,po,power_of_two,served,3,820.0,1.0,819,821
po64,po,power_of_two,passing,3,678.0,8.660254037844387,668,683
po64,po,power_of_two,ttft_s.mean,3,3.3391316679275156,0.15001619373307923,3.1872055091109397,3.487162008159226
po64,po,power_of_two,ttft_s.p50,3,2.1241402371476092,0.10443196575116585,2.025696113705635,2.233674829825759
po64,po,power_of_two,ttft_s.p90,3,7.052455573901535,0.34910836501379444,6.675951054692269,7.365447204932572
po64,po,power_of_two,ttft_s.p95,3,9.9793797833845,0.4170270760978992,9.527729985117908,10.34984536487609
po64,po,power_of_two,ttft_s.p99,3,19.661470086611786,2.4372502932590354,16.85217878095804,21.211376752704332
po64,po,power_of_two,tpot_ms.mean,0,,,,
po64,po,power_of_two,tpot_ms.p50,0,,,,
po64,po,power_of_two,tpot_ms.p90,0,,,,
po64,po,power_of_two,tpot_ms.p95,0,,,,
po64,po,power_of_two,tpot_ms.p99,0,,,,
po64,po,consistent_hash,goodput_ktok_s,3,78.7592261111111,0.24823570973939094,78.48047333333332,78.95642666666667
po64,po,consistent_hash,passing_pct,3,84.3089430894309,0.2538617072519652,84.02439024390245,84.51219512195122
po64,po,consistent_hash,offered,3,820.0,0.0,820,820
po64,po,consistent_hash,served,3,820.0,0.0,820,820
po64,po,consistent_hash,passing,3,691.3333333333334,2.0816659994661326,689,693
po64,po,consistent_hash,ttft_s.mean,3,2.906662519945483,0.00024259936096863828,2.90639086541061,2.906857569761029
po64,po,consistent_hash,ttft_s.p50,3,1.764096073185404,0.002300831990773995,1.7615229431539774,1.7659554202109575
po64,po,consistent_hash,ttft_s.p90,3,6.372145398333669,0.05149123508484289,6.312988722324372,6.40689220353961
po64,po,consistent_hash,ttft_s.p95,3,8.888021579260618,0.08971185949478176,8.786768019944414,8.957595793530336
po64,po,consistent_hash,ttft_s.p99,3,16.65982672493902,0.1741946054859089,16.55094833564011,16.860733946263746
po64,po,consistent_hash,tpot_ms.mean,0,,,,
po64,po,consistent_hash,tpot_ms.p50,0,,,,
po64,po,consistent_hash,tpot_ms.p90,0,,,,
po64,po,consistent_hash,tpot_ms.p95,0,,,,
po64,po,consistent_hash,tpot_ms.p99,0,,,,
po64,po,rendezvous_hash,goodput_ktok_s,3,80.61022611111112,0.044351085428699616,80.58462,80.66143833333334
po64,po,rendezvous_hash,passing_pct,3,86.30081300813008,0.14081713882674118,86.21951219512195,86.46341463414635
po64,po,rendezvous_hash,offered,3,820.0,0.0,820,820
po64,po,rendezvous_hash,served,3,820.0,0.0,820,820
po64,po,rendezvous_hash,passing,3,707.6666666666666,1.1547005383792515,707,709
po64,po,rendezvous_hash,ttft_s.mean,3,2.769945540256435,0.008147359683499382,2.7644146040627144,2.7793016098757706
po64,po,rendezvous_hash,ttft_s.p50,3,1.7021413799375296,0.008114259902289154,1.693553201854229,1.7096794806420803
po64,po,rendezvous_hash,ttft_s.p90,3,6.234249806155763,0.03933423549463318,6.20899384096265,6.279570054635406
po64,po,rendezvous_hash,ttft_s.p95,3,8.876417384172477,0.007039083340567874,8.870367676950986,8.884143245778976
po64,po,rendezvous_hash,ttft_s.p99,3,19.28507017475862,0.04495941655337727,19.256762975193542,19.336911650262763
po64,po,rendezvous_hash,tpot_ms.mean,0,,,,
po64,po,rendezvous_hash,tpot_ms.p50,0,,,,
po64,po,rendezvous_hash,tpot_ms.p90,0,,,,
po64,po,rendezvous_hash,tpot_ms.p95,0,,,,
po64,po,rendezvous_hash,tpot_ms.p99,0,,,,
pd64,pd,smetric_default,goodput_ktok_s,3,0.6110111111111111,0.037495910011527835,0.5677216666666667,0.633335
pd64,pd,smetric_default,passing_pct,3,85.27005196300928,0.340345887996042,84.87874465049929,85.49723756906077
pd64,pd,smetric_default,offered,3,713.0,11.532562594670797,701,724
pd64,pd,smetric_default,served,3,713.0,11.532562594670797,701,724
pd64,pd,smetric_default,passing,3,608.0,12.12435565298214,595,619
pd64,pd,smetric_default,ttft_s.mean,3,1.852624107926177,0.05927316517730316,1.7847086686359324,1.8939253920767487
pd64,pd,smetric_default,ttft_s.p50,3,1.0815775437901418,0.004033149279876883,1.0769575741142035,1.0843956656754017
pd64,pd,smetric_default,ttft_s.p90,3,3.892963141699633,0.22251113872190237,3.6618912890553474,4.10579015724361
pd64,pd,smetric_default,ttft_s.p95,3,5.794398052307467,0.7680352430524048,5.019949298352003,6.555854950845243
pd64,pd,smetric_default,ttft_s.p99,3,12.686187351346016,1.0026732568982886,11.538552336394787,13.392496611177922
pd64,pd,smetric_default,tpot_ms.mean,3,18.09541791911781,0.677620714262918,17.397109083027097,18.750257484784722
pd64,pd,smetric_default,tpot_ms.p50,3,14.447269960499236,0.5204135033530242,13.886495109206496,14.914683825694597
pd64,pd,smetric_default,tpot_ms.p90,3,31.980180388981633,0.7624872947399236,31.198054976357582,32.72138128777707
pd64,pd,smetric_default,tpot_ms.p95,3,38.66500250748234,0.7343673068433993,37.89179186236131,39.3531112546736
pd64,pd,smetric_default,tpot_ms.p99,3,61.24598459472338,10.74517734225123,48.93504923965079,68.73917015314746
pd64,pd,smetric_initial,goodput_ktok_s,3,0.5994050000000001,0.010221275741206607,0.593185,0.6112016666666668
pd64,pd,smetric_initial,passing_pct,3,86.96232845770442,1.5865390749197372,85.67375886524823,88.73435326842838
pd64,pd,smetric_initial,offered,3,711.3333333333334,7.094598884597588,705,719
pd64,pd,smetric_initial,served,3,711.3333333333334,7.094598884597588,705,719
pd64,pd,smetric_initial,passing,3,618.6666666666666,17.473789896108208,604,638
pd64,pd,smetric_initial,ttft_s.mean,3,1.8199538574058651,0.09424442440821305,1.7323863061613847,1.9196925658653392
pd64,pd,smetric_initial,ttft_s.p50,3,1.087488169471423,0.035983504045478336,1.0501911379396915,1.1219957880675793
pd64,pd,smetric_initial,ttft_s.p90,3,3.826116541400552,0.21306832972999049,3.6636761941015727,4.067361598461867
pd64,pd,smetric_initial,ttft_s.p95,3,5.543950873799621,0.20256821859761517,5.355898671783505,5.7584392517805085
pd64,pd,smetric_initial,ttft_s.p99,3,12.765214913003144,3.8053517287970786,9.522464162483818,16.954493607580666
pd64,pd,smetric_initial,tpot_ms.mean,3,17.199958849674562,0.47477412177595335,16.651795672374217,17.480991337340047
pd64,pd,smetric_initial,tpot_ms.p50,3,14.475519472530948,0.32051175121331743,14.191541928743971,14.823044977478078
pd64,pd,smetric_initial,tpot_ms.p90,3,29.38758244426801,1.057545790790893,28.394947182243833,30.49986235258219
pd64,pd,smetric_initial,tpot_ms.p95,3,35.43769233109365,1.7378812102994958,33.43179138952425,36.490664402915144
pd64,pd,smetric_initial,tpot_ms.p99,3,50.297859598239654,1.0969011115766454,49.29677723211874,51.47038859425463
pd64,pd,smetric_po_tuned,goodput_ktok_s,3,0.6007388888888889,0.03117564867601594,0.5647766666666666,0.62012
pd64,pd,smetric_po_tuned,passing_pct,3,86.51980013164511,1.4346467153753522,85.57422969187675,88.17056396148556
pd64,pd,smetric_po_tuned,offered,3,717.6666666666666,8.144527815247077,712,727
pd64,pd,smetric_po_tuned,served,3,717.6666666666666,8.144527815247077,712,727
pd64,pd,smetric_po_tuned,passing,3,621.0,17.320508075688775,611,641
pd64,pd,smetric_po_tuned,ttft_s.mean,3,1.7761152176234154,0.037736458456252835,1.735755118760479,1.8105197920610479
pd64,pd,smetric_po_tuned,ttft_s.p50,3,1.030511366824309,0.006014666932767091,1.0250984653830528,1.036986317485571
pd64,pd,smetric_po_tuned,ttft_s.p90,3,3.6962311116357647,0.23792048946455305,3.43265870809555,3.895124320313335
pd64,pd,smetric_po_tuned,ttft_s.p95,3,5.754581023318072,0.6883511087085132,4.969213361665607,6.253215200453994
pd64,pd,smetric_po_tuned,ttft_s.p99,3,12.768283658487102,2.415304587804273,9.991432579047979,14.381475329622635
pd64,pd,smetric_po_tuned,tpot_ms.mean,3,17.473419491759703,0.9981997556750519,16.800300431935344,18.620278843161195
pd64,pd,smetric_po_tuned,tpot_ms.p50,3,14.972025303969238,0.31229071999750907,14.697830820608281,15.311948906775129
pd64,pd,smetric_po_tuned,tpot_ms.p90,3,30.078438755592725,2.146923146900438,28.49899502129206,32.52294070369963
pd64,pd,smetric_po_tuned,tpot_ms.p95,3,35.98543659894276,4.925432581311188,33.12515287581506,41.67280395141614
pd64,pd,smetric_po_tuned,tpot_ms.p99,3,49.10173600386687,10.923084898947858,40.366589552169266,61.348820385883215
pd64,pd,smetric_pd_tuned,goodput_ktok_s,3,0.600686111111111,0.06062840396705647,0.54243,0.6634366666666666
pd64,pd,smetric_pd_tuned,passing_pct,3,87.32921679195903,1.2472692430121102,85.97997138769671,88.44011142061281
pd64,pd,smetric_pd_tuned,offered,3,719.0,20.518284528683193,699,740
pd64,pd,smetric_pd_tuned,served,3,719.0,20.518284528683193,699,740
pd64,pd,smetric_pd_tuned,passing,3,628.0,24.269322199023193,601,648
pd64,pd,smetric_pd_tuned,ttft_s.mean,3,1.7330428912796885,0.07457712662098279,1.6718125051940715,1.8160973604416122
pd64,pd,smetric_pd_tuned,ttft_s.p50,3,1.0835114860286315,0.005956861549310082,1.077170766890049,1.088990667834878
pd64,pd,smetric_pd_tuned,ttft_s.p90,3,3.612003512680532,0.1359225531812227,3.5164559040218593,3.767610203102234
pd64,pd,smetric_pd_tuned,ttft_s.p95,3,5.134072808735071,0.33391246233197214,4.783697109855711,5.448634919524187
pd64,pd,smetric_pd_tuned,ttft_s.p99,3,9.863540685338283,2.194850022795406,8.241802013218411,12.361075187362747
pd64,pd,smetric_pd_tuned,tpot_ms.mean,3,17.095642586327802,0.7525171610855582,16.426642489231124,17.910362616022017
pd64,pd,smetric_pd_tuned,tpot_ms.p50,3,14.129874484207525,0.5251116209591659,13.628241214440484,14.675674612635147
pd64,pd,smetric_pd_tuned,tpot_ms.p90,3,30.57008344652905,3.2493576851548114,27.85445738198552,34.170073250211466
pd64,pd,smetric_pd_tuned,tpot_ms.p95,3,36.962407507618714,4.451545931311016,32.709012268995394,41.588651663127294
pd64,pd,smetric_pd_tuned,tpot_ms.p99,3,50.782597032420426,6.347629561159535,43.75717478640235,56.104999495015356
pd64,pd,smetric_pd_slack025,goodput_ktok_s,3,0.6285022222222222,0.016689086115493895,0.614545,0.6469883333333334
pd64,pd,smetric_pd_slack025,passing_pct,3,88.28305446143719,0.7870105962690028,87.37864077669903,88.8121546961326
pd64,pd,smetric_pd_slack025,offered,3,722.6666666666666,1.5275252316519468,721,724
pd64,pd,smetric_pd_slack025,served,3,722.6666666666666,1.5275252316519468,721,724
pd64,pd,smetric_pd_slack025,passing,3,638.0,7.0,630,643
pd64,pd,smetric_pd_slack025,ttft_s.mean,3,1.7831398302631405,0.08018880234284723,1.7107212942824261,1.8693181962640453
pd64,pd,smetric_pd_slack025,ttft_s.p50,3,1.0906072948127985,0.05089821817019457,1.0543709229677916,1.1487981975078583
pd64,pd,smetric_pd_slack025,ttft_s.p90,3,3.8039393850912653,0.18345233072880507,3.6192893404513597,3.9861700713634494
pd64,pd,smetric_pd_slack025,ttft_s.p95,3,5.053494391714533,0.23542867873784648,4.785904999077322,5.228805355727673
pd64,pd,smetric_pd_slack025,ttft_s.p99,3,11.762277389479172,2.0469281830299764,9.857161625809958,13.926369600892063
pd64,pd,smetric_pd_slack025,tpot_ms.mean,3,16.716132818510637,0.5332861766259108,16.14793461951231,17.20579760379314
pd64,pd,smetric_pd_slack025,tpot_ms.p50,3,14.323770332359672,0.27090859051143934,14.020568593490907,14.54202698603753
pd64,pd,smetric_pd_slack025,tpot_ms.p90,3,28.41508726116723,1.6769785326178457,26.509268780052285,29.664895367740797
pd64,pd,smetric_pd_slack025,tpot_ms.p95,3,34.05233570861274,2.171595853587788,31.72504368255504,36.02444472042747
pd64,pd,smetric_pd_slack025,tpot_ms.p99,3,51.63245343097734,10.882817790095643,45.11873462816685,64.1959944950837
pd64,pd,cache_aware,goodput_ktok_s,3,0.5093233333333334,0.026921291811088478,0.48537166666666665,0.53846
pd64,pd,cache_aware,passing_pct,3,81.4022058527553,1.127274355248644,80.1775147928994,82.39644970414201
pd64,pd,cache_aware,offered,3,679.3333333333334,5.773502691896257,676,686
pd64,pd,cache_aware,served,3,678.3333333333334,5.773502691896257,675,685
pd64,pd,cache_aware,passing,3,553.0,9.643650760992955,542,560
pd64,pd,cache_aware,ttft_s.mean,3,1.815498231473061,0.0595928726600041,1.767496733913819,1.8821979573589784
pd64,pd,cache_aware,ttft_s.p50,3,1.0855093548695247,0.04756153661212077,1.0507889203727245,1.139720194041729
pd64,pd,cache_aware,ttft_s.p90,3,3.9108472754557937,0.08404244209121425,3.837231563776732,4.002415311336519
pd64,pd,cache_aware,ttft_s.p95,3,5.219056890159844,0.1269873575625869,5.072425009310245,5.2927008848637325
pd64,pd,cache_aware,ttft_s.p99,3,11.734411601647722,1.4679228181011315,10.237897253781538,13.171966247558592
pd64,pd,cache_aware,tpot_ms.mean,3,19.72290380568647,0.5976723299864719,19.064271632478913,20.230727481326053
pd64,pd,cache_aware,tpot_ms.p50,3,15.842063149877957,0.8794399562699887,15.126974137824341,16.82402771909484
pd64,pd,cache_aware,tpot_ms.p90,3,37.49559036837443,2.792653821869019,35.31215628490562,40.64239307040616
pd64,pd,cache_aware,tpot_ms.p95,3,43.88679009104453,3.0439170262036956,41.12819204647192,47.152364141997886
pd64,pd,cache_aware,tpot_ms.p99,3,55.55382091638625,6.940919474718214,51.2868223860028,63.56276959509535
pd64,pd,power_of_two,goodput_ktok_s,3,0.39087222222222223,0.022488507702906925,0.364905,0.4039583333333333
pd64,pd,power_of_two,passing_pct,3,66.17476402792182,1.92719963424412,64.17391304347827,68.01872074882995
pd64,pd,power_of_two,offered,3,604.3333333333334,33.605555096342826,575,641
pd64,pd,power_of_two,served,3,602.3333333333334,31.64385143014885,575,637
pd64,pd,power_of_two,passing,3,400.3333333333333,33.70954365359064,369,436
pd64,pd,power_of_two,ttft_s.mean,3,2.751104195002263,0.29154578492546285,2.567573599464712,3.0872796707179235
pd64,pd,power_of_two,ttft_s.p50,3,1.6132199118534725,0.046815332861601854,1.5594450235366821,1.6448897644877434
pd64,pd,power_of_two,ttft_s.p90,3,5.471292250355085,0.3438504981358979,5.20513669550419,5.85952504053712
pd64,pd,power_of_two,ttft_s.p95,3,8.6649718084683,0.6439882978724147,8.031276542693375,9.318781843408937
pd64,pd,power_of_two,ttft_s.p99,3,18.506582183440514,6.537949966071776,13.084459968507272,25.76684462450444
pd64,pd,power_of_two,tpot_ms.mean,3,26.239447009955438,1.597971148841821,24.545851304806263,27.72052554421287
pd64,pd,power_of_two,tpot_ms.p50,3,17.608986444157956,0.38520201046951014,17.170619790791353,17.893412370282693
pd64,pd,power_of_two,tpot_ms.p90,3,53.718008000481554,4.513445069654994,49.57108128541607,58.52522985351095
pd64,pd,power_of_two,tpot_ms.p95,3,72.26922072268862,3.675911411840306,68.03609486597252,74.65561474376766
pd64,pd,power_of_two,tpot_ms.p99,3,101.29897682670271,2.319612089257811,98.84034101345168,103.44858419756247
pd64,pd,consistent_hash,goodput_ktok_s,3,0.45752055555555554,0.0052348438195246,0.4532483333333333,0.46336
pd64,pd,consistent_hash,passing_pct,3,77.90019046292166,0.5972708232287225,77.2382397572079,78.3987915407855
pd64,pd,consistent_hash,offered,3,660.6666666666666,1.5275252316519468,659,662
pd64,pd,consistent_hash,served,3,659.6666666666666,1.5275252316519468,658,661
pd64,pd,consistent_hash,passing,3,514.6666666666666,5.131601439446884,509,519
pd64,pd,consistent_hash,ttft_s.mean,3,1.797077507996579,0.02812377647167064,1.7772419631968062,1.8292631984603676
pd64,pd,consistent_hash,ttft_s.p50,3,1.0347627537945907,0.010903622966042754,1.0272326357662678,1.0472663473337889
pd64,pd,consistent_hash,ttft_s.p90,3,3.8553583687792226,0.06433092217986203,3.789710311591626,3.918285835534334
pd64,pd,consistent_hash,ttft_s.p95,3,5.678409190475939,0.19751136877321693,5.465482227504253,5.8556351063773
pd64,pd,consistent_hash,ttft_s.p99,3,10.904049734485605,1.3305311999439322,10.116704065352675,12.440254131853491
pd64,pd,consistent_hash,tpot_ms.mean,3,21.456301581991795,0.6871447911868114,21.03564789652509,22.249256798332738
pd64,pd,consistent_hash,tpot_ms.p50,3,14.48099231242099,0.2733629523253858,14.223800697857186,14.768070480716977
pd64,pd,consistent_hash,tpot_ms.p90,3,48.05559396989738,0.2757679447976004,47.74769632780596,48.2798794163512
pd64,pd,consistent_hash,tpot_ms.p95,3,53.41732130727522,0.3162908113873954,53.07766187400999,53.70339851598209
pd64,pd,consistent_hash,tpot_ms.p99,3,77.54166188250893,2.6480458507445106,75.55790325330663,80.548652385964
pd64,pd,rendezvous_hash,goodput_ktok_s,3,0.5182338888888888,0.0015865233945585044,0.5164333333333333,0.5194266666666666
pd64,pd,rendezvous_hash,passing_pct,3,78.99649084528811,0.07915554560437857,78.93961708394698,79.08689248895435
pd64,pd,rendezvous_hash,offered,3,677.6666666666666,2.309401076758503,675,679
pd64,pd,rendezvous_hash,served,3,677.6666666666666,2.309401076758503,675,679
pd64,pd,rendezvous_hash,passing,3,535.3333333333334,2.0816659994661326,533,537
pd64,pd,rendezvous_hash,ttft_s.mean,3,1.8964153014353355,0.022118596340383927,1.8798437798133603,1.9215317130780096
pd64,pd,rendezvous_hash,ttft_s.p50,3,1.0358049844702084,0.026738153806851093,1.0059459768235683,1.057535856962204
pd64,pd,rendezvous_hash,ttft_s.p90,3,4.05950757910808,0.04364693518496599,4.024312543869018,4.108346688747409
pd64,pd,rendezvous_hash,ttft_s.p95,3,6.056363286698859,0.23327967647109263,5.788824233785274,6.217272246256473
pd64,pd,rendezvous_hash,ttft_s.p99,3,14.694029096787185,1.2257311730816192,13.556096102893346,15.991863403916373
pd64,pd,rendezvous_hash,tpot_ms.mean,3,19.30512425057113,0.1298561801179952,19.20676641347036,19.452318114030344
pd64,pd,rendezvous_hash,tpot_ms.p50,3,15.967165900409604,0.3150570008456895,15.6094669651838,16.203456795456248
pd64,pd,rendezvous_hash,tpot_ms.p90,3,34.051164696645195,0.3636651080806305,33.651688175597485,34.36300198786964
pd64,pd,rendezvous_hash,tpot_ms.p95,3,40.076907901475586,1.142655573610722,39.14705430366289,41.35250786194567
pd64,pd,rendezvous_hash,tpot_ms.p99,3,62.94330412497055,4.614409498924952,58.46759464791706,67.68491474846871
